image,pseudo_label,avg_exg
0A.tif,1,0.015440703
0B.tif,1,0.032057345
1000A.tif,0,0.1107927
1000B.tif,0,0.14453939
1001A.tif,1,0.022112435
1001B.tif,1,0.025410008
1002A.tif,0,0.002620929
1002B.tif,1,0.019656198
1003A.tif,1,0.07674561
1003B.tif,1,0.053085268
1004A.tif,1,0.09490824
1004B.tif,1,0.08895742
1005A.tif,1,0.0677093
1005B.tif,1,0.07153249
1006A.tif,1,0.09765816
1006B.tif,0,0.10852528
1007A.tif,1,-0.00535482
1007B.tif,1,-0.010677561
1008A.tif,1,0.054439534
1008B.tif,1,0.061318792
1009A.tif,0,0.074483484
1009B.tif,0,0.08933226
100A.tif,1,0.06972345
100B.tif,1,0.11839408
1010A.tif,1,-0.045571722
1010B.tif,1,-0.022822842
1011A.tif,0,0.114818625
1011B.tif,0,0.134617
1012A.tif,0,0.071281165
1012B.tif,1,0.0689367
1013A.tif,1,0.053888295
1013B.tif,1,0.05777157
1014A.tif,1,0.1342472
1014B.tif,1,0.1366077
1015A.tif,1,0.09139213
1015B.tif,1,0.106130324
1016A.tif,0,0.08173278
1016B.tif,0,0.08411554
1017A.tif,0,0.12195781
1017B.tif,0,0.11798358
1018A.tif,1,0.13837987
1018B.tif,1,0.10805521
1019A.tif,1,0.086680695
1019B.tif,1,0.11741585
101A.tif,0,0.19727114
101B.tif,0,0.19189143
1020A.tif,1,0.044575777
1020B.tif,1,0.029940266
1021A.tif,0,0.079511575
1021B.tif,0,0.08597221
1022A.tif,1,0.009715122
1022B.tif,1,0.04639773
1023A.tif,0,0.13220143
1023B.tif,0,0.13826141
1024A.tif,1,-0.0010787677
1024B.tif,1,-0.029989809
1025A.tif,1,0.030423272
1025B.tif,1,0.009352272
1026A.tif,0,0.09153791
1026B.tif,1,0.089809775
1027A.tif,0,0.08474912
1027B.tif,0,0.13659886
1028A.tif,0,0.023900166
1028B.tif,0,0.041467045
1029A.tif,1,0.0479588
1029B.tif,1,0.042128146
102A.tif,1,0.0137589965
102B.tif,1,0.020244043
1030A.tif,1,0.06450435
1030B.tif,1,0.07543731
1031A.tif,1,0.0054828683
1031B.tif,1,0.009209601
1032A.tif,1,0.10923882
1032B.tif,0,0.10606977
1033A.tif,1,0.11791993
1033B.tif,1,0.1348633
1034A.tif,0,0.08565793
1034B.tif,0,0.081962556
1035A.tif,1,-0.015041694
1035B.tif,1,0.013982555
1036A.tif,0,0.07015453
1036B.tif,0,0.062328864
1037A.tif,1,0.059294336
1037B.tif,1,0.0505419
1038A.tif,1,0.10186098
1038B.tif,1,0.14296064
1039A.tif,1,0.006949152
1039B.tif,1,0.011953078
103A.tif,1,0.008323751
103B.tif,1,0.011704383
1040A.tif,0,0.056563556
1040B.tif,1,0.07962862
1041A.tif,0,0.12966383
1041B.tif,0,0.13736191
1042A.tif,1,0.00982548
1042B.tif,1,-0.00078601483
1043A.tif,1,0.098694086
1043B.tif,0,0.119136795
1044A.tif,1,0.17284942
1044B.tif,1,0.13910894
1045A.tif,1,0.01683137
1045B.tif,1,0.09200464
1046A.tif,1,0.008777334
1046B.tif,1,0.054387115
1047A.tif,1,0.05660449
1047B.tif,0,0.10216974
1048A.tif,0,0.10458266
1048B.tif,0,0.10052705
1049A.tif,1,0.14381655
1049B.tif,1,0.10615666
104A.tif,0,0.12763122
104B.tif,0,0.1292885
1050A.tif,0,0.104671225
1050B.tif,0,0.107381664
1051A.tif,1,0.05363889
1051B.tif,1,0.049529195
1052A.tif,1,0.08871256
1052B.tif,1,0.10268052
1053A.tif,1,0.04776947
1053B.tif,1,0.037909057
1054A.tif,1,0.04210444
1054B.tif,1,0.040189136
1055A.tif,1,0.13452412
1055B.tif,1,0.13636212
1056A.tif,0,0.11824952
1056B.tif,0,0.121782616
1057A.tif,0,0.11194805
1057B.tif,0,0.07672286
1058A.tif,1,0.008865899
1058B.tif,1,0.004797609
1059A.tif,1,0.076850206
1059B.tif,1,0.101723835
105A.tif,1,0.03351237
105B.tif,1,0.18860415
1060A.tif,1,0.105392165
1060B.tif,0,0.096009254
1061A.tif,1,0.10071543
1061B.tif,1,0.100401886
1062A.tif,1,0.028334195
1062B.tif,1,0.020652622
1063A.tif,1,0.036516737
1063B.tif,1,0.04871683
1064A.tif,1,0.005262422
1064B.tif,1,-0.012005022
1065A.tif,1,0.06262997
1065B.tif,0,0.052329153
1066A.tif,1,0.1298596
1066B.tif,1,0.12234557
1067A.tif,0,0.12361608
1067B.tif,1,0.12153944
1068A.tif,1,0.04220569
1068B.tif,1,0.04620625
1069A.tif,1,0.010233809
1069B.tif,1,0.0062167384
106A.tif,1,-0.036497585
106B.tif,1,-0.052040726
1070A.tif,1,0.030576698
1070B.tif,1,0.041838523
1071A.tif,1,0.02893521
1071B.tif,1,0.042541027
1072A.tif,0,0.09925108
1072B.tif,1,0.09782429
1073A.tif,1,0.14413874
1073B.tif,1,0.14564762
1074A.tif,1,0.11258258
1074B.tif,1,0.09932287
1075A.tif,1,0.036527745
1075B.tif,1,0.060404938
1076A.tif,0,0.0848731
1076B.tif,0,0.078368425
1077A.tif,1,0.047155764
1077B.tif,1,0.023676619
1078A.tif,1,0.13352409
1078B.tif,1,0.15568465
1079A.tif,0,0.14772855
1079B.tif,0,0.13727239
107A.tif,1,0.078710705
107B.tif,1,0.076697975
1080A.tif,1,-0.021862557
1080B.tif,1,0.037612736
1081A.tif,0,0.12893067
1081B.tif,0,0.12679444
1082A.tif,0,0.10360921
1082B.tif,0,0.10392014
1083A.tif,1,-0.012797039
1083B.tif,0,0.04532351
1084A.tif,1,0.14310756
1084B.tif,1,0.14278397
1085A.tif,1,0.059004962
1085B.tif,1,0.04332347
1086A.tif,1,-0.0054811933
1086B.tif,1,-0.020311065
1087A.tif,1,0.1111771
1087B.tif,1,0.1154577
1088A.tif,0,0.069729194
1088B.tif,1,0.02815372
1089A.tif,1,0.09934561
1089B.tif,1,0.10261758
108A.tif,1,0.047292914
108B.tif,1,0.024805646
1090A.tif,1,0.091616645
1090B.tif,1,0.08325267
1091A.tif,0,0.026313813
1091B.tif,0,0.04123009
1092A.tif,1,0.12640427
1092B.tif,0,0.11111078
1093A.tif,1,0.03214542
1093B.tif,1,0.048576564
1094A.tif,1,0.024361644
1094B.tif,1,-0.007383101
1095A.tif,1,0.058275893
1095B.tif,1,0.05002394
1096A.tif,1,0.06831749
1096B.tif,1,0.07355287
1097A.tif,1,0.060665593
1097B.tif,1,0.060895134
1098A.tif,1,0.018886194
1098B.tif,1,0.007851517
1099A.tif,1,0.025169708
1099B.tif,1,0.030130554
109A.tif,1,0.016866766
109B.tif,1,0.017657112
10A.tif,1,0.063420795
10B.tif,1,0.09830466
110A.tif,1,-0.005074759
110B.tif,1,0.00049499096
111A.tif,1,0.023590688
111B.tif,1,0.028938564
112A.tif,0,0.17202413
112B.tif,0,0.17494473
113A.tif,1,0.16311848
113B.tif,1,0.17411248
114A.tif,0,0.09628236
114B.tif,1,0.032329723
115A.tif,1,0.14827356
115B.tif,1,0.12730691
116A.tif,0,0.10689674
116B.tif,1,0.106548004
117A.tif,1,0.03838776
117B.tif,1,0.022292433
118A.tif,1,0.032389082
118B.tif,1,0.028066358
119A.tif,1,0.14972141
119B.tif,1,0.15058859
11A.tif,1,-0.02263447
11B.tif,1,0.0027054162
120A.tif,1,0.120463304
120B.tif,1,0.13712302
121A.tif,0,0.082382634
121B.tif,0,0.078868195
122A.tif,1,0.0941502
122B.tif,1,0.10170899
123A.tif,1,0.16195333
123B.tif,1,0.15513462
124A.tif,1,0.1219559
124B.tif,0,0.1545245
125A.tif,1,0.097103596
125B.tif,1,0.097115315
126A.tif,1,0.05336483
126B.tif,1,0.081429765
127A.tif,1,0.11245667
127B.tif,1,0.10951765
128A.tif,1,0.018412992
128B.tif,1,0.017046044
129A.tif,1,0.043306
129B.tif,1,0.033521228
12A.tif,1,0.09287876
12B.tif,1,0.07108538
130A.tif,1,-0.0178462
130B.tif,1,-0.018232996
131A.tif,0,0.06021346
131B.tif,0,0.061033238
132A.tif,1,0.06799102
132B.tif,1,0.048535876
133A.tif,1,0.033954218
133B.tif,1,0.04276123
134A.tif,1,0.07202293
134B.tif,1,0.055406757
135A.tif,1,0.10688931
135B.tif,1,0.114490695
136A.tif,1,0.08288311
136B.tif,1,0.061193373
137A.tif,0,0.12550983
137B.tif,0,0.1341596
138A.tif,1,0.024360452
138B.tif,1,0.08561271
139A.tif,1,0.065157786
139B.tif,1,0.063736975
13A.tif,1,0.15233946
13B.tif,1,0.27244085
140A.tif,1,0.077889234
140B.tif,1,0.070897706
141A.tif,1,-0.036541622
141B.tif,1,-0.03487501
142A.tif,0,0.045851767
142B.tif,0,0.03918098
143A.tif,1,0.12186087
143B.tif,1,0.1114411
144A.tif,1,0.06360629
144B.tif,0,0.07048124
145A.tif,0,0.1100993
145B.tif,0,0.121189274
146A.tif,1,0.09201302
146B.tif,1,0.08137351
147A.tif,1,0.05191531
147B.tif,1,0.037311632
148A.tif,1,0.07884856
148B.tif,1,0.014237229
149A.tif,1,0.04233279
149B.tif,1,0.0054393094
14A.tif,0,0.11805421
14B.tif,0,0.10395054
150A.tif,1,0.13290393
150B.tif,1,0.11884001
151A.tif,0,0.1303194
151B.tif,0,0.13372517
152A.tif,1,0.016822245
152B.tif,1,0.014498843
153A.tif,1,0.10232651
153B.tif,1,0.07292121
154A.tif,1,0.04630462
154B.tif,1,0.045273244
155A.tif,1,0.091391176
155B.tif,1,0.09444389
156A.tif,1,0.08069469
156B.tif,1,0.13653086
157A.tif,0,0.09540729
157B.tif,0,0.08402483
158A.tif,1,0.026703475
158B.tif,1,0.04283662
159A.tif,1,0.084416896
159B.tif,1,0.09132654
15A.tif,1,-0.012530642
15B.tif,1,-0.01980412
160A.tif,0,0.13411745
160B.tif,0,0.11033672
161A.tif,1,0.07570537
161B.tif,1,0.05882831
162A.tif,1,0.12356221
162B.tif,1,0.059590902
163A.tif,0,0.06427361
163B.tif,0,0.058447264
164A.tif,1,0.14305732
164B.tif,0,0.14405759
165A.tif,1,-0.020729454
165B.tif,1,-0.005177456
166A.tif,0,0.05623707
166B.tif,0,0.059670843
167A.tif,1,0.12288868
167B.tif,1,0.118801706
168A.tif,1,0.18153653
168B.tif,1,0.17370296
169A.tif,1,0.034990378
169B.tif,1,0.019650452
16A.tif,1,0.11133124
16B.tif,1,0.108666286
170A.tif,1,0.054141533
170B.tif,1,0.058879778
171A.tif,1,-0.011392992
171B.tif,1,-0.011015052
172A.tif,0,0.04609423
172B.tif,0,0.050128534
173A.tif,1,0.16434853
173B.tif,1,0.20595968
174A.tif,0,0.13002357
174B.tif,1,0.12554048
175A.tif,0,0.09103573
175B.tif,0,0.092917055
176A.tif,1,0.015128581
176B.tif,1,0.018537689
177A.tif,0,0.15677874
177B.tif,0,0.14932503
178A.tif,1,0.069658585
178B.tif,0,0.08261815
179A.tif,1,0.07262035
179B.tif,1,0.06687538
17A.tif,1,0.042306222
17B.tif,1,0.03819508
180A.tif,1,0.03148265
180B.tif,1,0.030293545
181A.tif,1,0.105151616
181B.tif,0,0.10892622
182A.tif,1,0.05116709
182B.tif,1,0.04434695
183A.tif,0,0.03773193
183B.tif,0,0.024380554
184A.tif,1,0.08815942
184B.tif,1,0.102690816
185A.tif,1,0.03042303
185B.tif,1,0.022715367
186A.tif,0,0.07604119
186B.tif,0,0.064379886
187A.tif,1,0.07604286
187B.tif,1,0.07921263
188A.tif,1,0.10714471
188B.tif,1,0.120724194
189A.tif,1,0.11237411
189B.tif,0,0.11241815
18A.tif,0,0.11488494
18B.tif,0,0.11410393
190A.tif,1,0.05802049
190B.tif,0,0.056401014
191A.tif,1,-0.010645015
191B.tif,1,-0.007600195
192A.tif,1,0.040292777
192B.tif,1,0.03602965
193A.tif,0,0.120047554
193B.tif,0,0.122231424
194A.tif,1,0.045813706
194B.tif,1,0.016628131
195A.tif,0,0.15849133
195B.tif,0,0.13846198
196A.tif,0,0.052194633
196B.tif,0,0.04299388
197A.tif,0,0.06986874
197B.tif,0,0.06434517
198A.tif,1,0.044912063
198B.tif,1,0.058412563
199A.tif,0,0.071025535
199B.tif,1,0.12278574
19A.tif,1,0.07574319
19B.tif,0,0.08063653
1A.tif,0,0.1043682
1B.tif,0,0.10844296
200A.tif,0,0.036454745
200B.tif,1,0.015962254
201A.tif,1,-0.02518023
201B.tif,1,-0.024069149
202A.tif,1,0.13562946
202B.tif,1,0.16711429
203A.tif,1,0.02666877
203B.tif,0,0.022533458
204A.tif,1,0.08366149
204B.tif,1,0.087135226
205A.tif,1,0.14579646
205B.tif,0,0.13798708
206A.tif,1,0.11067924
206B.tif,1,0.12559336
207A.tif,0,0.039158717
207B.tif,0,0.05404196
208A.tif,1,0.00861793
208B.tif,1,0.0065934784
209A.tif,1,0.09293717
209B.tif,1,0.08687961
20A.tif,1,0.065054625
20B.tif,1,0.07458161
210A.tif,0,0.28118038
210B.tif,0,0.2078015
211A.tif,1,-0.012737205
211B.tif,1,0.002641738
212A.tif,1,-0.03520101
212B.tif,1,-0.007292864
213A.tif,1,-0.0023473396
213B.tif,1,0.08058795
214A.tif,0,0.13218588
214B.tif,0,0.13434556
215A.tif,0,0.109100714
215B.tif,0,0.1126161
216A.tif,0,0.107355826
216B.tif,0,0.108666286
217A.tif,1,0.0240043
217B.tif,1,0.027611353
218A.tif,1,0.09108456
218B.tif,1,0.08950627
219A.tif,0,0.08582286
219B.tif,0,0.0705035
21A.tif,0,0.073045686
21B.tif,0,0.060722083
220A.tif,1,0.09125091
220B.tif,0,0.09218631
221A.tif,1,0.06788881
221B.tif,1,0.05486366
222A.tif,1,-0.05046962
222B.tif,1,-0.035327874
223A.tif,0,0.07131419
223B.tif,0,0.117270544
224A.tif,1,0.1093257
224B.tif,1,0.1229083
225A.tif,1,0.0272066
225B.tif,1,0.030176021
226A.tif,1,0.13399276
226B.tif,1,0.14107548
227A.tif,1,-0.040828213
227B.tif,1,-0.04027865
228A.tif,1,0.07931794
228B.tif,1,0.093646124
229A.tif,0,0.096995875
229B.tif,0,0.12148988
22A.tif,0,0.072888665
22B.tif,0,0.070589915
230A.tif,0,0.13127491
230B.tif,0,0.13099678
231A.tif,1,0.017006792
231B.tif,1,0.014296831
232A.tif,0,0.13271174
232B.tif,0,0.1416248
233A.tif,1,0.047304876
233B.tif,1,0.060298905
234A.tif,1,0.11830695
234B.tif,1,0.10489263
235A.tif,0,0.12069355
235B.tif,1,0.10483016
236A.tif,1,0.01571428
236B.tif,1,-0.0031020208
237A.tif,1,0.07343511
237B.tif,1,0.06409457
238A.tif,0,0.12350907
238B.tif,1,0.118536025
239A.tif,1,0.04560092
239B.tif,1,0.050134275
23A.tif,1,0.023871208
23B.tif,1,0.052220482
240A.tif,1,0.12591505
240B.tif,1,0.11549241
241A.tif,1,0.13460527
241B.tif,1,0.121611714
242A.tif,1,0.06231354
242B.tif,1,0.06735577
243A.tif,1,0.019827094
243B.tif,1,0.036157712
244A.tif,0,0.08313922
244B.tif,1,0.09024443
245A.tif,0,0.109074146
245B.tif,0,0.107030064
246A.tif,1,-0.02461201
246B.tif,1,-0.023499735
247A.tif,1,0.036512427
247B.tif,1,0.06277621
248A.tif,1,0.102937594
248B.tif,1,0.10036358
249A.tif,1,0.059533454
249B.tif,1,0.018261243
24A.tif,1,0.07087116
24B.tif,1,0.09432613
250A.tif,1,0.071639955
250B.tif,0,0.092860326
251A.tif,0,0.112001196
251B.tif,0,0.11304287
252A.tif,1,0.10836637
252B.tif,1,0.10005529
253A.tif,1,-0.042270318
253B.tif,1,-0.034132775
254A.tif,0,0.057745956
254B.tif,0,0.06502374
255A.tif,1,-0.0053301565
255B.tif,1,0.01989627
256A.tif,0,0.051305674
256B.tif,0,0.051782705
257A.tif,0,0.1080485
257B.tif,0,0.097877644
258A.tif,1,0.020197852
258B.tif,1,0.009384336
259A.tif,1,0.09426245
259B.tif,1,0.10164938
25A.tif,1,0.00035232946
25B.tif,1,0.05509584
260A.tif,1,0.036888927
260B.tif,1,0.052740116
261A.tif,0,0.123376235
261B.tif,0,0.13910106
262A.tif,1,0.027669981
262B.tif,1,0.03178543
263A.tif,1,0.043246403
263B.tif,1,0.03278785
264A.tif,1,0.027262129
264B.tif,1,0.040360995
265A.tif,1,0.07039915
265B.tif,1,0.040667128
266A.tif,1,0.015407906
266B.tif,0,0.06298517
267A.tif,0,0.14213437
267B.tif,0,0.19033611
268A.tif,0,0.13162771
268B.tif,0,0.13118538
269A.tif,1,-0.019059967
269B.tif,1,0.0062401844
26A.tif,1,0.065617576
26B.tif,1,0.07871429
270A.tif,1,0.14312962
270B.tif,0,0.13815537
271A.tif,1,0.07985936
271B.tif,1,0.072944194
272A.tif,0,0.0479351
272B.tif,0,0.04517846
273A.tif,1,0.08038954
273B.tif,1,0.058377862
274A.tif,1,0.04713685
274B.tif,1,0.04404249
275A.tif,1,0.112108424
275B.tif,1,0.10667007
276A.tif,1,-0.027112298
276B.tif,1,-0.026671646
277A.tif,0,0.05323606
277B.tif,0,0.031142294
278A.tif,1,0.03720057
278B.tif,1,0.04179401
279A.tif,0,0.1162885
279B.tif,1,0.111127555
27A.tif,1,0.0068194247
27B.tif,1,0.015434478
280A.tif,1,0.05061131
280B.tif,1,0.052522548
281A.tif,1,0.04169156
281B.tif,1,0.031228218
282A.tif,1,0.086346544
282B.tif,1,0.056413956
283A.tif,1,0.05211971
283B.tif,1,0.056396484
284A.tif,1,0.050706334
284B.tif,1,0.05109097
285A.tif,1,0.076079
285B.tif,1,0.09128179
286A.tif,0,0.121739045
286B.tif,0,0.11553308
287A.tif,0,0.10490005
287B.tif,1,0.07790935
288A.tif,1,0.14114799
288B.tif,1,0.14045937
289A.tif,1,0.017919205
289B.tif,1,0.014753992
28A.tif,0,0.125804
28B.tif,1,0.11496009
290A.tif,1,0.10331625
290B.tif,0,0.109360166
291A.tif,1,0.11605178
291B.tif,1,0.11707285
292A.tif,1,0.07189152
292B.tif,1,0.059433404
293A.tif,1,0.04281245
293B.tif,1,0.03871472
294A.tif,0,0.062161315
294B.tif,0,0.054101564
295A.tif,0,0.01950061
295B.tif,1,0.002267877
296A.tif,1,0.072590426
296B.tif,1,0.059190214
297A.tif,0,0.069921404
297B.tif,0,0.045468315
298A.tif,1,0.099030614
298B.tif,1,0.10398141
299A.tif,1,0.045615997
299B.tif,1,0.047795318
29A.tif,1,0.11522505
29B.tif,1,0.10846426
2A.tif,0,0.15319371
2B.tif,0,0.15211087
300A.tif,1,0.111522
300B.tif,0,0.10551183
301A.tif,1,0.08809862
301B.tif,1,0.101613715
302A.tif,1,0.11129749
302B.tif,1,0.109569594
303A.tif,1,0.073895864
303B.tif,1,0.07579082
304A.tif,1,0.25039902
304B.tif,1,0.21351175
305A.tif,1,0.084307745
305B.tif,1,0.1045719
306A.tif,1,-0.033070046
306B.tif,1,-0.03549111
307A.tif,0,0.11064382
307B.tif,0,0.116413675
308A.tif,0,0.12062414
308B.tif,1,0.09671535
309A.tif,1,0.051750153
309B.tif,1,0.05573036
30A.tif,1,0.094716996
30B.tif,1,0.07770327
310A.tif,1,-0.010203167
310B.tif,1,-0.046103567
311A.tif,0,0.05970364
311B.tif,1,0.044085816
312A.tif,1,0.014882281
312B.tif,1,0.011044009
313A.tif,1,0.06279991
313B.tif,1,0.06380902
314A.tif,1,0.050301105
314B.tif,1,0.041982375
315A.tif,0,0.12069021
315B.tif,0,0.112653196
316A.tif,0,0.10064721
316B.tif,0,0.10620261
317A.tif,1,0.04911463
317B.tif,1,0.034260347
318A.tif,1,0.0257475
318B.tif,1,0.02916547
319A.tif,0,0.099778116
319B.tif,0,0.0775381
31A.tif,1,-0.07699931
31B.tif,1,-0.051251095
320A.tif,1,0.04361236
320B.tif,1,0.05577918
321A.tif,0,0.08095512
321B.tif,0,0.079802394
322A.tif,0,0.112890154
322B.tif,1,0.113325536
323A.tif,1,-0.004164519
323B.tif,1,-0.0040132473
324A.tif,1,0.06284778
324B.tif,1,0.049716607
325A.tif,1,-0.02101237
325B.tif,1,-0.015020871
326A.tif,1,0.008007333
326B.tif,1,0.026577579
327A.tif,1,0.12157391
327B.tif,0,0.102767415
328A.tif,1,0.03714528
328B.tif,1,0.03178352
329A.tif,1,0.044845045
329B.tif,1,0.03478669
32A.tif,1,0.07136398
32B.tif,0,0.11828734
330A.tif,1,0.070103064
330B.tif,1,0.074061014
331A.tif,0,0.027655387
331B.tif,1,0.027778894
332A.tif,0,0.17684063
332B.tif,0,0.15540534
333A.tif,0,0.083009735
333B.tif,0,0.07567642
334A.tif,0,0.068845265
334B.tif,0,0.07742226
335A.tif,1,0.01015146
335B.tif,1,0.04218941
336A.tif,1,0.029548194
336B.tif,1,0.020764876
337A.tif,1,0.100906916
337B.tif,1,0.09802941
338A.tif,1,-0.022718003
338B.tif,1,-0.02591457
339A.tif,1,0.039137896
339B.tif,1,0.0097625125
33A.tif,1,0.020383108
33B.tif,1,0.022311337
340A.tif,1,0.089624986
340B.tif,1,0.091284186
341A.tif,0,0.11615614
341B.tif,0,0.118203335
342A.tif,0,0.10821079
342B.tif,1,0.0988657
343A.tif,1,0.17607686
343B.tif,1,0.1792617
344A.tif,1,0.044103287
344B.tif,1,0.06989363
345A.tif,1,0.06198539
345B.tif,1,0.05708822
346A.tif,1,0.07341572
346B.tif,1,0.07489947
347A.tif,1,0.001764514
347B.tif,1,-0.001528509
348A.tif,1,0.01778516
348B.tif,1,0.023660569
349A.tif,1,0.091153264
349B.tif,1,0.1099126
34A.tif,1,-0.02393033
34B.tif,1,-0.00138873
350A.tif,1,0.025772395
350B.tif,1,0.0449956
351A.tif,0,0.14104986
351B.tif,0,0.13754453
352A.tif,1,0.03461483
352B.tif,1,0.04160635
353A.tif,1,0.19046178
353B.tif,1,0.11098562
354A.tif,0,0.122802034
354B.tif,0,0.12520465
355A.tif,0,0.12866381
355B.tif,0,0.12327356
356A.tif,0,0.114889234
356B.tif,0,0.11235807
357A.tif,1,0.1220385
357B.tif,0,0.115726024
358A.tif,1,0.011119883
358B.tif,1,-0.012260413
359A.tif,0,0.10622727
359B.tif,0,0.10680196
35A.tif,1,-0.012241026
35B.tif,1,0.02232666
360A.tif,1,0.05810404
360B.tif,0,0.088907406
361A.tif,0,0.101939484
361B.tif,0,0.096502095
362A.tif,0,0.10305392
362B.tif,0,0.10390362
363A.tif,1,0.008248363
363B.tif,1,0.02306052
364A.tif,1,0.09490057
364B.tif,1,0.09034353
365A.tif,1,-0.032940075
365B.tif,1,-0.02329006
366A.tif,0,0.07918534
366B.tif,0,0.09819193
367A.tif,0,0.07545884
367B.tif,0,0.078518495
368A.tif,0,0.10796234
368B.tif,0,0.10918759
369A.tif,1,0.049846813
369B.tif,1,0.0469559
36A.tif,1,-0.05165585
36B.tif,1,-0.04507529
370A.tif,1,-0.018108778
370B.tif,0,0.041777723
371A.tif,1,0.022383628
371B.tif,1,0.03094028
372A.tif,1,0.020132273
372B.tif,1,0.03229478
373A.tif,0,0.13456339
373B.tif,0,0.12831458
374A.tif,0,0.011546177
374B.tif,0,-0.0007721544
375A.tif,1,0.09193236
375B.tif,0,0.09899807
376A.tif,1,0.08099724
376B.tif,1,0.064241774
377A.tif,1,0.03060159
377B.tif,1,0.023446836
378A.tif,1,0.036929622
378B.tif,1,0.09043783
379A.tif,0,0.16432437
379B.tif,0,0.167469
37A.tif,1,0.1890187
37B.tif,1,0.20355919
380A.tif,1,0.028785136
380B.tif,1,0.013103647
381A.tif,1,0.12421826
381B.tif,1,0.052680038
382A.tif,1,0.08103674
382B.tif,1,0.092345476
383A.tif,1,0.11567216
383B.tif,1,0.09704159
384A.tif,1,0.059300322
384B.tif,0,0.052005783
385A.tif,1,0.0658914
385B.tif,1,0.05936997
386A.tif,1,0.09157021
386B.tif,1,0.07723892
387A.tif,1,0.003855266
387B.tif,1,0.032557588
388A.tif,0,0.021247653
388B.tif,0,0.029322725
389A.tif,1,-0.029327031
389B.tif,1,-0.023013841
38A.tif,1,-0.019337138
38B.tif,1,0.006343343
390A.tif,1,0.11009235
390B.tif,1,0.09623833
391A.tif,1,0.11580859
391B.tif,1,0.064071134
392A.tif,0,0.088044055
392B.tif,0,0.11657907
393A.tif,1,0.07776429
393B.tif,1,0.07378911
394A.tif,1,0.016759539
394B.tif,1,0.029641066
395A.tif,1,0.09392497
395B.tif,1,0.07340424
396A.tif,1,0.10418223
396B.tif,1,0.08807206
397A.tif,1,0.1018471
397B.tif,1,0.09257765
398A.tif,0,0.13856968
398B.tif,0,0.13910535
399A.tif,1,0.22689354
399B.tif,1,0.20465282
39A.tif,0,0.11112803
39B.tif,0,0.13670585
3A.tif,0,0.06835793
3B.tif,1,0.0459961
400A.tif,0,0.09208338
400B.tif,0,0.102742754
401A.tif,1,0.042641316
401B.tif,1,0.07192622
402A.tif,0,0.11511158
402B.tif,0,0.08647533
403A.tif,1,0.2007997
403B.tif,1,0.17440067
404A.tif,1,-0.011031565
404B.tif,1,-0.0012180652
405A.tif,0,0.13954335
405B.tif,0,0.10807077
406A.tif,1,-0.032459453
406B.tif,1,-0.03289867
407A.tif,0,0.13229407
407B.tif,0,0.12823895
408A.tif,1,0.07721498
408B.tif,1,0.092460126
409A.tif,1,-0.042842373
409B.tif,1,-0.057017613
40A.tif,1,0.15252542
40B.tif,1,0.13857304
410A.tif,0,0.11067112
410B.tif,0,0.10954783
411A.tif,0,0.0710959
411B.tif,0,0.08927456
412A.tif,1,0.032265097
412B.tif,1,0.027204208
413A.tif,1,0.03163441
413B.tif,1,0.03679845
414A.tif,0,0.10095048
414B.tif,0,0.08592817
415A.tif,0,0.0364253
415B.tif,0,0.04255466
416A.tif,0,0.082464725
416B.tif,0,0.097442515
417A.tif,1,0.18000872
417B.tif,1,0.17391095
418A.tif,0,0.12445859
418B.tif,0,0.13375628
419A.tif,0,-0.018783275
419B.tif,0,0.00038272515
41A.tif,1,0.098544255
41B.tif,1,0.08509403
420A.tif,0,0.09700809
420B.tif,0,0.11164121
421A.tif,1,0.047000423
421B.tif,1,0.042968042
422A.tif,1,0.004959884
422B.tif,1,0.016692515
423A.tif,1,0.099314265
423B.tif,1,0.07320389
424A.tif,1,-0.016259529
424B.tif,1,0.007157625
425A.tif,1,0.10334377
425B.tif,1,0.093266994
426A.tif,1,0.01763916
426B.tif,1,0.008164818
427A.tif,1,0.06285161
427B.tif,1,0.06499478
428A.tif,1,0.038438745
428B.tif,1,0.027504593
429A.tif,1,-0.0011821669
429B.tif,1,0.024242448
42A.tif,0,0.032409906
42B.tif,0,0.027953144
430A.tif,0,0.095846266
430B.tif,0,0.08829275
431A.tif,1,0.069073126
431B.tif,1,0.07907189
432A.tif,1,0.03449563
432B.tif,1,0.01402109
433A.tif,1,0.117780626
433B.tif,0,0.12372831
434A.tif,1,0.06940296
434B.tif,1,0.058990117
435A.tif,0,0.03878557
435B.tif,1,0.04812873
436A.tif,1,0.12429727
436B.tif,1,0.12868342
437A.tif,1,0.014878933
437B.tif,1,-0.008867094
438A.tif,1,0.14454585
438B.tif,1,0.15736803
439A.tif,1,0.009578211
439B.tif,1,0.007529106
43A.tif,1,0.09678884
43B.tif,1,0.08099222
440A.tif,0,0.093901515
440B.tif,0,0.10320088
441A.tif,1,0.11361922
441B.tif,1,0.11820835
442A.tif,1,0.084526986
442B.tif,1,0.100869335
443A.tif,1,0.114367425
443B.tif,1,0.11169529
444A.tif,1,-0.020980055
444B.tif,1,-0.017608047
445A.tif,1,0.13929588
445B.tif,1,0.1628485
446A.tif,0,0.1417957
446B.tif,0,0.14908305
447A.tif,1,0.055095837
447B.tif,1,0.073524386
448A.tif,1,0.027559886
448B.tif,1,0.022788372
449A.tif,1,-0.018205225
449B.tif,1,-0.009954232
44A.tif,1,0.04730727
44B.tif,1,-0.005804319
450A.tif,0,0.05090356
450B.tif,0,0.040963683
451A.tif,0,0.062003586
451B.tif,0,0.07574248
452A.tif,1,0.086196244
452B.tif,1,0.085256055
453A.tif,0,0.09398003
453B.tif,1,0.103541486
454A.tif,0,0.11506899
454B.tif,0,0.11303855
455A.tif,1,-0.013878195
455B.tif,1,0.016211655
456A.tif,0,0.09356451
456B.tif,0,0.11906619
457A.tif,1,0.031829234
457B.tif,1,0.059635423
458A.tif,1,-0.048648372
458B.tif,1,-0.028458662
459A.tif,1,0.03216385
459B.tif,1,-0.013728357
45A.tif,1,0.04873263
45B.tif,1,0.06884934
460A.tif,1,0.04764835
460B.tif,1,0.034863763
461A.tif,0,0.019801237
461B.tif,0,0.005398134
462A.tif,1,0.010352038
462B.tif,1,0.003977343
463A.tif,1,0.024403771
463B.tif,1,0.065626204
464A.tif,1,0.06183316
464B.tif,1,0.065477565
465A.tif,1,0.17087594
465B.tif,1,0.1205406
466A.tif,0,0.08799331
466B.tif,1,0.09221383
467A.tif,0,0.07000661
467B.tif,0,0.030261468
468A.tif,1,0.05870098
468B.tif,1,0.085769475
469A.tif,0,0.12840506
469B.tif,0,0.13889234
46A.tif,1,0.143565
46B.tif,1,0.14514089
470A.tif,0,0.100011975
470B.tif,1,0.09523878
471A.tif,1,0.0904139
471B.tif,1,0.11076589
472A.tif,1,-0.041789703
472B.tif,1,-0.050180234
473A.tif,0,0.1187086
473B.tif,0,0.11140233
474A.tif,1,0.098745555
474B.tif,1,0.06514606
475A.tif,1,0.0023073638
475B.tif,0,0.028610405
476A.tif,1,0.059537288
476B.tif,1,0.04968477
477A.tif,0,0.121977225
477B.tif,0,0.124184065
478A.tif,1,0.036656756
478B.tif,1,0.04313869
479A.tif,1,0.0491479
479B.tif,1,0.030927591
47A.tif,1,0.026980164
47B.tif,1,0.0031979945
480A.tif,1,0.029837813
480B.tif,1,0.045054715
481A.tif,0,0.14710502
481B.tif,0,0.13235174
482A.tif,1,0.028759042
482B.tif,1,0.035041597
483A.tif,0,0.047941085
483B.tif,0,0.09486109
484A.tif,1,0.12631501
484B.tif,0,0.1210782
485A.tif,1,0.007616471
485B.tif,1,0.003711177
486A.tif,0,0.13798136
486B.tif,0,0.13967477
487A.tif,1,0.001015337
487B.tif,1,0.0337668
488A.tif,0,0.16025463
488B.tif,1,0.16193609
489A.tif,1,-0.007561179
489B.tif,1,-0.01325301
48A.tif,1,0.02849887
48B.tif,1,0.033858713
490A.tif,1,0.021354634
490B.tif,1,0.06337412
491A.tif,0,0.15393451
491B.tif,0,0.15814617
492A.tif,1,-0.015159935
492B.tif,1,-0.019584626
493A.tif,0,0.16064574
493B.tif,0,0.16560875
494A.tif,1,0.058939613
494B.tif,1,0.07821069
495A.tif,0,0.16477746
495B.tif,1,0.12922698
496A.tif,1,0.118203074
496B.tif,1,0.118217684
497A.tif,1,0.03973461
497B.tif,1,0.010203883
498A.tif,0,0.0773842
498B.tif,1,0.0038552703
499A.tif,1,-0.0051384442
499B.tif,1,0.07926361
49A.tif,1,0.07467951
49B.tif,1,0.076224774
4A.tif,0,0.14167097
4B.tif,0,0.15423417
500A.tif,1,0.03664026
500B.tif,1,0.042104937
501A.tif,0,0.075332224
501B.tif,0,0.0822833
502A.tif,0,0.029357668
502B.tif,0,0.025795847
503A.tif,1,-0.017772958
503B.tif,1,-0.02646269
504A.tif,1,-0.023260135
504B.tif,1,-0.017938346
505A.tif,1,0.033448935
505B.tif,1,0.08226224
506A.tif,0,0.019346949
506B.tif,1,0.016254738
507A.tif,1,0.10744868
507B.tif,1,0.106294766
508A.tif,1,0.084813505
508B.tif,1,0.09634268
509A.tif,1,0.11640028
509B.tif,1,0.12521543
50A.tif,1,0.09981451
50B.tif,1,0.06491292
510A.tif,0,-0.048946366
510B.tif,1,-0.042290904
511A.tif,0,0.077130735
511B.tif,1,0.076544315
512A.tif,1,0.103130996
512B.tif,1,0.09716798
513A.tif,0,0.13208655
513B.tif,0,0.110266596
514A.tif,1,0.053697295
514B.tif,1,0.05812246
515A.tif,1,0.06557498
515B.tif,1,0.09021571
516A.tif,1,0.038553156
516B.tif,1,0.035324037
517A.tif,1,0.15116468
517B.tif,1,0.13076961
518A.tif,1,0.009799613
518B.tif,1,0.0074479682
519A.tif,1,0.060510736
519B.tif,1,0.06639573
51A.tif,1,0.02518143
51B.tif,1,0.02203728
520A.tif,1,0.12905824
520B.tif,1,0.13979638
521A.tif,0,0.056316063
521B.tif,1,0.025354
522A.tif,1,0.05164125
522B.tif,1,0.06408452
523A.tif,1,0.106842875
523B.tif,1,0.08778267
524A.tif,1,0.046431724
524B.tif,1,0.03991916
525A.tif,1,0.124927245
525B.tif,0,0.104983106
526A.tif,0,0.037317373
526B.tif,1,0.032272756
527A.tif,0,0.032148536
527B.tif,1,0.0059297523
528A.tif,1,0.09434527
528B.tif,1,0.09452169
529A.tif,0,0.21710493
529B.tif,0,0.20850807
52A.tif,1,0.108715825
52B.tif,1,0.122363776
530A.tif,1,0.13599472
530B.tif,1,0.089205645
531A.tif,1,0.091352165
531B.tif,1,0.12568885
532A.tif,1,0.015974937
532B.tif,0,0.028962022
533A.tif,1,-0.0638631
533B.tif,1,-0.0632786
534A.tif,1,0.094454184
534B.tif,1,0.0777272
535A.tif,1,0.0040469915
535B.tif,1,-0.014253743
536A.tif,1,0.030581962
536B.tif,1,0.0395144
537A.tif,1,0.054402668
537B.tif,0,0.0571222
538A.tif,0,0.15805522
538B.tif,1,0.14463754
539A.tif,1,0.06013351
539B.tif,1,0.0717242
53A.tif,1,-0.010914747
53B.tif,1,-0.025511235
540A.tif,1,0.11582726
540B.tif,1,0.13938901
541A.tif,1,0.00040785898
541B.tif,1,-0.005083629
542A.tif,1,0.03874392
542B.tif,1,0.017929256
543A.tif,0,0.094211236
543B.tif,0,0.09180023
544A.tif,1,0.015039068
544B.tif,1,0.02167299
545A.tif,1,0.089597456
545B.tif,1,0.042492196
546A.tif,0,0.07679562
546B.tif,0,0.082413495
547A.tif,1,-0.00865455
547B.tif,1,-0.022933187
548A.tif,1,-0.002568502
548B.tif,1,0.036370493
549A.tif,1,-0.0017413069
549B.tif,1,0.03221364
54A.tif,1,0.1663244
54B.tif,1,0.17967626
550A.tif,1,0.010649553
550B.tif,1,-0.010115092
551A.tif,1,0.08856943
551B.tif,1,0.093500115
552A.tif,1,0.046723254
552B.tif,1,0.04964911
553A.tif,0,0.03283763
553B.tif,0,0.031119548
554A.tif,1,0.07732532
554B.tif,1,0.05985658
555A.tif,1,0.0660532
555B.tif,1,0.079781085
556A.tif,0,0.008693085
556B.tif,1,0.0070216823
557A.tif,1,0.18465579
557B.tif,1,0.17319003
558A.tif,0,0.09680104
558B.tif,1,0.07593946
559A.tif,0,0.113354996
559B.tif,0,0.11208952
55A.tif,0,0.134055
55B.tif,0,0.1284771
560A.tif,1,0.066079766
560B.tif,1,0.09061088
561A.tif,1,0.052133836
561B.tif,1,0.06412257
562A.tif,1,-0.0035158624
562B.tif,1,0.03144196
563A.tif,1,-0.010885084
563B.tif,1,-0.0073831007
564A.tif,1,0.037950225
564B.tif,1,0.053792316
565A.tif,0,0.0994799
565B.tif,0,0.08299799
566A.tif,1,0.071655996
566B.tif,0,0.15086837
567A.tif,1,0.15369084
567B.tif,0,0.1781779
568A.tif,1,0.07846297
568B.tif,1,0.07792251
569A.tif,1,0.10042678
569B.tif,1,0.09489316
56A.tif,0,0.12646534
56B.tif,0,0.13477331
570A.tif,1,0.08333813
570B.tif,1,0.11001527
571A.tif,0,0.12000184
571B.tif,0,0.12042955
572A.tif,0,0.10718444
572B.tif,0,0.09905695
573A.tif,1,0.034869023
573B.tif,0,0.056576237
574A.tif,1,-0.033370197
574B.tif,1,-0.035798196
575A.tif,0,-0.0081543
575B.tif,0,0.004892864
576A.tif,1,0.018578626
576B.tif,1,0.013947614
577A.tif,1,0.08981934
577B.tif,1,0.081842646
578A.tif,1,0.017348828
578B.tif,0,0.018283743
579A.tif,1,0.1155386
579B.tif,1,0.11107394
57A.tif,0,0.13204803
57B.tif,1,0.10627657
580A.tif,1,0.1213264
580B.tif,1,0.12865756
581A.tif,0,-0.02086182
581B.tif,1,-0.0056255255
582A.tif,1,0.10877807
582B.tif,1,0.07188195
583A.tif,1,0.02763648
583B.tif,1,0.023956178
584A.tif,1,0.020031743
584B.tif,1,0.031219363
585A.tif,1,0.04261977
585B.tif,1,0.09260374
586A.tif,1,0.111580655
586B.tif,0,0.11493975
587A.tif,1,-0.017515413
587B.tif,1,-0.017587455
588A.tif,1,0.113707304
588B.tif,1,0.12486717
589A.tif,1,0.018634634
589B.tif,1,-0.001669012
58A.tif,0,0.04407887
58B.tif,0,0.06299283
590A.tif,1,0.10570835
590B.tif,1,0.10243304
591A.tif,1,0.05115536
591B.tif,1,0.05357714
592A.tif,0,0.13877648
592B.tif,0,0.12914585
593A.tif,1,-0.038157985
593B.tif,1,-0.038034957
594A.tif,0,0.055043664
594B.tif,0,0.06281739
595A.tif,0,0.11535311
595B.tif,0,0.109061465
596A.tif,0,0.091397166
596B.tif,1,0.089305215
597A.tif,0,0.07927725
597B.tif,1,0.08090102
598A.tif,1,0.11907361
598B.tif,1,0.11356561
599A.tif,1,0.1018064
599B.tif,1,0.10657959
59A.tif,1,-0.004167858
59B.tif,1,0.010232848
5A.tif,1,0.06498234
5B.tif,1,0.07630089
600A.tif,0,0.06066344
600B.tif,0,0.05385
601A.tif,1,0.09417389
601B.tif,0,0.0893818
602A.tif,1,0.19077271
602B.tif,1,0.23080844
603A.tif,0,0.046397485
603B.tif,0,0.03734873
604A.tif,1,0.101769075
604B.tif,1,0.103200406
605A.tif,1,0.19329068
605B.tif,1,0.20167668
606A.tif,1,0.08322707
606B.tif,1,0.08442886
607A.tif,1,0.05229564
607B.tif,1,0.03871328
608A.tif,1,0.034780703
608B.tif,0,0.026450243
609A.tif,1,0.14213651
609B.tif,0,0.13604163
60A.tif,1,0.09082463
60B.tif,1,0.08151545
610A.tif,1,0.045914713
610B.tif,0,0.08802658
611A.tif,1,-0.007483865
611B.tif,1,-0.020357976
612A.tif,0,0.12532793
612B.tif,0,0.11848386
613A.tif,1,0.106492236
613B.tif,1,0.12762955
614A.tif,0,-0.009939158
614B.tif,1,-0.023639277
615A.tif,1,0.04383545
615B.tif,0,0.03540302
616A.tif,1,0.039163508
616B.tif,1,0.018575508
617A.tif,1,0.046768725
617B.tif,1,0.05316425
618A.tif,0,0.06236141
618B.tif,0,0.07151598
619A.tif,1,0.1369409
619B.tif,1,0.14125068
61A.tif,0,0.110364735
61B.tif,0,0.11249642
620A.tif,0,0.018793564
620B.tif,0,0.018716969
621A.tif,1,0.04751814
621B.tif,1,0.057496548
622A.tif,1,0.029757876
622B.tif,1,0.028126918
623A.tif,1,0.09321219
623B.tif,1,0.09279187
624A.tif,0,0.11621454
624B.tif,0,0.109309904
625A.tif,0,0.031565707
625B.tif,0,0.035279274
626A.tif,1,0.033726834
626B.tif,1,0.041060623
627A.tif,1,0.0059737917
627B.tif,1,0.004990287
628A.tif,1,0.12244922
628B.tif,1,0.13288887
629A.tif,1,0.034803215
629B.tif,1,0.020302461
62A.tif,1,-0.026409794
62B.tif,1,-0.040793993
630A.tif,1,0.028625965
630B.tif,1,0.030712413
631A.tif,1,0.036013857
631B.tif,1,0.025248453
632A.tif,1,0.09109486
632B.tif,1,0.100975856
633A.tif,1,0.11387606
633B.tif,1,0.11747378
634A.tif,0,0.11190209
634B.tif,0,0.108217
635A.tif,0,0.11705683
635B.tif,1,0.02534466
636A.tif,1,0.065787524
636B.tif,1,0.0819446
637A.tif,1,-0.02544592
637B.tif,1,0.00022355688
638A.tif,1,0.14388262
638B.tif,1,0.12008057
639A.tif,1,0.1871599
639B.tif,1,0.116538614
63A.tif,1,0.08684777
63B.tif,0,0.150461
640A.tif,0,0.043787576
640B.tif,0,0.047669414
641A.tif,0,0.10702312
641B.tif,0,0.09149626
642A.tif,1,0.030279418
642B.tif,1,0.035633758
643A.tif,1,-0.023113659
643B.tif,1,-0.028139124
644A.tif,0,0.089238435
644B.tif,0,0.09151134
645A.tif,1,0.1105488
645B.tif,1,0.099794164
646A.tif,1,0.075289145
646B.tif,1,0.06335282
647A.tif,1,0.09151947
647B.tif,0,0.09698631
648A.tif,1,0.091737516
648B.tif,1,0.08985404
649A.tif,0,0.10703388
649B.tif,1,0.07321993
64A.tif,0,0.12121128
64B.tif,0,0.12198272
650A.tif,1,0.032999437
650B.tif,1,0.033723485
651A.tif,1,0.00704466
651B.tif,1,0.016434979
652A.tif,1,0.026510324
652B.tif,1,0.043235153
653A.tif,1,0.08966233
653B.tif,0,0.0932567
654A.tif,0,0.09874052
654B.tif,0,0.09389002
655A.tif,0,0.07161171
655B.tif,0,0.0396908
656A.tif,1,-0.0036257238
656B.tif,1,0.008746462
657A.tif,1,0.062470082
657B.tif,1,0.04831878
658A.tif,1,0.07367829
658B.tif,1,0.07065334
659A.tif,1,0.0030754507
659B.tif,1,-0.022218233
65A.tif,1,-0.015181719
65B.tif,1,-0.008984379
660A.tif,0,0.049447093
660B.tif,0,0.06956548
661A.tif,1,0.0077174744
661B.tif,1,0.002354519
662A.tif,1,0.088511035
662B.tif,1,0.07865494
663A.tif,0,0.092687994
663B.tif,0,0.06428486
664A.tif,0,0.11212973
664B.tif,0,0.11057441
665A.tif,1,0.08306575
665B.tif,1,0.075622804
666A.tif,1,0.0044615585
666B.tif,1,0.004887364
667A.tif,1,0.046324484
667B.tif,1,0.07991992
668A.tif,1,0.0041400963
668B.tif,1,-0.013985196
669A.tif,1,0.091691084
669B.tif,1,0.098132566
66A.tif,1,-0.03733006
66B.tif,1,-0.06910664
670A.tif,1,0.0965703
670B.tif,1,0.10302855
671A.tif,1,0.119043216
671B.tif,0,0.12133742
672A.tif,1,0.06920214
672B.tif,0,0.06823012
673A.tif,1,0.06900252
673B.tif,1,0.06894436
674A.tif,1,0.03379768
674B.tif,1,0.04191368
675A.tif,1,0.053596288
675B.tif,1,0.05558771
676A.tif,1,0.056059234
676B.tif,1,0.083843395
677A.tif,0,0.09945428
677B.tif,0,0.101323634
678A.tif,0,0.09819455
678B.tif,0,0.13135123
679A.tif,1,0.06271638
679B.tif,1,0.060804658
67A.tif,0,0.04198764
67B.tif,1,0.047036324
680A.tif,0,0.12342244
680B.tif,0,0.13946703
681A.tif,0,0.14087681
681B.tif,0,0.13996202
682A.tif,0,0.060423125
682B.tif,0,0.04501881
683A.tif,0,0.14768259
683B.tif,0,0.14846744
684A.tif,1,0.014088589
684B.tif,1,0.0038564624
685A.tif,0,0.11219436
685B.tif,0,0.11209238
686A.tif,1,0.17985338
686B.tif,1,0.20037556
687A.tif,1,-0.023453772
687B.tif,1,-0.024359252
688A.tif,1,0.026001215
688B.tif,1,0.03195729
689A.tif,0,0.09168869
689B.tif,0,0.08039982
68A.tif,0,0.10370495
68B.tif,1,0.09247257
690A.tif,1,0.018692318
690B.tif,1,0.017220292
691A.tif,1,0.0719638
691B.tif,1,0.08123947
692A.tif,1,-0.005483107
692B.tif,1,-0.01114023
693A.tif,1,0.04950621
693B.tif,1,0.084072456
694A.tif,1,0.04704231
694B.tif,1,0.04344195
695A.tif,1,0.17496625
695B.tif,1,0.14088708
696A.tif,1,0.06619921
696B.tif,1,0.07630472
697A.tif,1,0.12963557
697B.tif,1,0.09231867
698A.tif,0,0.09282322
698B.tif,0,0.11473437
699A.tif,1,0.01912722
699B.tif,1,0.005760522
69A.tif,1,0.068845026
69B.tif,1,0.080120966
6A.tif,1,0.034639962
6B.tif,1,0.029502718
700A.tif,0,0.024427708
700B.tif,1,0.015258312
701A.tif,1,0.1053596
701B.tif,1,0.101547174
702A.tif,0,0.110671826
702B.tif,0,0.1122281
703A.tif,1,0.16968876
703B.tif,1,0.16112229
704A.tif,1,-0.019162882
704B.tif,1,-0.024170876
705A.tif,0,0.10977593
705B.tif,0,0.11950518
706A.tif,1,0.026734836
706B.tif,1,0.035534907
707A.tif,0,0.09320428
707B.tif,0,0.087569416
708A.tif,1,0.11711714
708B.tif,1,0.11080131
709A.tif,0,0.10422101
709B.tif,0,0.09994855
70A.tif,1,0.077649884
70B.tif,1,0.08249679
710A.tif,0,0.120082736
710B.tif,0,0.11456205
711A.tif,1,0.006539383
711B.tif,1,-0.02058703
712A.tif,1,0.14058337
712B.tif,1,0.08172464
713A.tif,1,0.08887893
713B.tif,1,0.07990077
714A.tif,1,0.04804735
714B.tif,1,0.09772064
715A.tif,0,0.13030049
715B.tif,0,0.121662706
716A.tif,0,0.13524029
716B.tif,1,0.17305383
717A.tif,1,0.022593543
717B.tif,1,0.06586483
718A.tif,0,0.095021695
718B.tif,0,0.10043036
719A.tif,1,0.07138674
719B.tif,1,0.077140085
71A.tif,1,0.029059451
71B.tif,1,0.075203694
720A.tif,1,0.09956343
720B.tif,1,0.0975239
721A.tif,0,-0.04603894
721B.tif,0,-0.076049566
722A.tif,0,0.013405949
722B.tif,0,-0.009723978
723A.tif,1,0.07026678
723B.tif,0,0.06775788
724A.tif,0,0.116950795
724B.tif,0,0.114664964
725A.tif,1,0.15903847
725B.tif,1,0.13254826
726A.tif,1,0.031470686
726B.tif,1,0.017790914
727A.tif,1,0.02212775
727B.tif,1,0.025882967
728A.tif,1,0.06366924
728B.tif,1,0.06921458
729A.tif,1,0.09361285
729B.tif,0,0.087332696
72A.tif,0,0.07724538
72B.tif,0,0.09283663
730A.tif,1,0.09820629
730B.tif,1,0.073915735
731A.tif,0,0.13818169
731B.tif,1,0.1740706
732A.tif,0,0.1343264
732B.tif,1,0.12967578
733A.tif,1,0.020000383
733B.tif,1,-0.007276827
734A.tif,1,-0.0068522203
734B.tif,1,-0.013946892
735A.tif,0,0.049702246
735B.tif,0,0.041342102
736A.tif,1,0.018024279
736B.tif,1,0.029140577
737A.tif,1,0.031630576
737B.tif,1,0.036242917
738A.tif,1,-0.008784994
738B.tif,1,9.2149625e-05
739A.tif,1,-0.0022432215
739B.tif,1,-0.005988863
73A.tif,0,0.12292457
73B.tif,0,0.11507353
740A.tif,0,0.078283444
740B.tif,0,0.07279149
741A.tif,1,0.07080796
741B.tif,1,0.09878983
742A.tif,1,0.0110174455
742B.tif,0,0.04968836
743A.tif,1,0.07320342
743B.tif,1,0.02304927
744A.tif,1,0.09007761
744B.tif,1,0.05790872
745A.tif,1,0.023241948
745B.tif,1,0.013511272
746A.tif,0,0.12161627
746B.tif,0,0.13216363
747A.tif,0,0.107211724
747B.tif,0,0.11466831
748A.tif,1,0.10455395
748B.tif,1,0.11291505
749A.tif,1,0.034841023
749B.tif,1,0.053046733
74A.tif,1,0.20618467
74B.tif,1,0.17553113
750A.tif,0,0.062291045
750B.tif,0,0.06919353
751A.tif,1,0.06793093
751B.tif,1,0.06269388
752A.tif,1,0.13243338
752B.tif,1,0.13397506
753A.tif,1,0.099781714
753B.tif,1,0.10306924
754A.tif,1,0.00778641
754B.tif,1,0.03917428
755A.tif,1,0.071662694
755B.tif,1,0.07289417
756A.tif,1,0.13797489
756B.tif,1,0.1535331
757A.tif,1,0.008565513
757B.tif,1,0.0042554736
758A.tif,1,0.06799843
758B.tif,1,0.08135053
759A.tif,1,0.07932847
759B.tif,1,0.090867706
75A.tif,0,0.12191905
75B.tif,0,0.119265586
760A.tif,1,0.035728782
760B.tif,1,0.028779393
761A.tif,1,0.09151325
761B.tif,1,0.10409343
762A.tif,1,0.08334698
762B.tif,1,0.07286066
763A.tif,1,0.027789667
763B.tif,1,0.014543362
764A.tif,1,0.050828163
764B.tif,1,0.07549594
765A.tif,1,0.094810575
765B.tif,0,0.09913713
766A.tif,0,0.1263313
766B.tif,1,0.13761538
767A.tif,0,0.055380907
767B.tif,0,0.06825023
768A.tif,1,0.09427107
768B.tif,1,0.09862252
769A.tif,0,0.1004093
769B.tif,0,0.07928707
76A.tif,1,0.024060056
76B.tif,1,0.024559349
770A.tif,1,0.04198788
770B.tif,0,0.057626527
771A.tif,1,0.07919874
771B.tif,1,0.08043213
772A.tif,1,0.13652273
772B.tif,0,0.14206567
773A.tif,1,0.06417021
773B.tif,1,0.07047215
774A.tif,0,0.10641228
774B.tif,0,0.1810877
775A.tif,1,0.10462192
775B.tif,0,0.10002273
776A.tif,0,0.058627024
776B.tif,1,0.06315319
777A.tif,1,0.04559446
777B.tif,1,0.050374832
778A.tif,1,0.11591056
778B.tif,1,0.122938946
779A.tif,1,0.08929612
779B.tif,1,0.074035406
77A.tif,0,0.09101084
77B.tif,0,0.0756879
780A.tif,1,0.024104096
780B.tif,1,0.03934876
781A.tif,1,0.04835157
781B.tif,0,0.10922254
782A.tif,1,0.11951426
782B.tif,1,0.101172104
783A.tif,1,0.07462014
783B.tif,0,0.08044003
784A.tif,0,0.1203063
784B.tif,0,0.13216841
785A.tif,0,0.11720211
785B.tif,0,0.11643642
786A.tif,0,0.124644816
786B.tif,0,0.1230804
787A.tif,1,0.079199225
787B.tif,1,0.08768958
788A.tif,1,0.04328446
788B.tif,1,0.03594181
789A.tif,1,0.09931785
789B.tif,1,0.08020953
78A.tif,1,0.13786046
78B.tif,1,0.13179141
790A.tif,1,0.09664115
790B.tif,1,0.09226769
791A.tif,1,0.097800106
791B.tif,1,0.06379442
792A.tif,0,0.1119933
792B.tif,0,0.109302245
793A.tif,1,0.102134794
793B.tif,0,0.16475783
794A.tif,1,0.0065262155
794B.tif,1,-0.04064247
795A.tif,1,0.08150084
795B.tif,0,0.095525295
796A.tif,1,0.06383224
796B.tif,1,0.08283428
797A.tif,0,0.10325186
797B.tif,0,0.09033228
798A.tif,0,0.05226668
798B.tif,1,0.04471364
799A.tif,1,0.0095128715
799B.tif,1,0.0033705775
79A.tif,1,0.119289994
79B.tif,1,0.11100644
7A.tif,1,0.077769816
7B.tif,0,0.025966993
800A.tif,1,0.035491586
800B.tif,1,0.03931406
801A.tif,1,0.03398988
801B.tif,1,0.038385373
802A.tif,0,0.11911982
802B.tif,0,0.11958201
803A.tif,0,0.060306326
803B.tif,0,0.056027643
804A.tif,0,0.112730265
804B.tif,1,0.10641157
805A.tif,1,0.045151412
805B.tif,1,0.06248947
806A.tif,0,0.13178784
806B.tif,0,0.12669654
807A.tif,1,0.1910288
807B.tif,1,0.10200316
808A.tif,1,0.115968
808B.tif,1,0.11501154
809A.tif,1,0.06163138
809B.tif,1,0.058719646
80A.tif,0,0.13571587
80B.tif,1,0.1363219
810A.tif,1,0.068305045
810B.tif,1,0.105486706
811A.tif,0,0.03754428
811B.tif,0,0.040992882
812A.tif,0,0.116236806
812B.tif,0,0.118461356
813A.tif,1,0.13570893
813B.tif,1,0.13313133
814A.tif,0,0.053536925
814B.tif,1,0.05604224
815A.tif,1,0.04939132
815B.tif,1,0.051934935
816A.tif,1,0.10994874
816B.tif,1,0.077959135
817A.tif,0,0.045406085
817B.tif,1,0.023879584
818A.tif,1,0.030647784
818B.tif,1,0.019040093
819A.tif,1,0.09039259
819B.tif,1,0.07466299
81A.tif,1,0.043384984
81B.tif,1,-0.004527851
820A.tif,1,-0.031448185
820B.tif,1,-0.031480737
821A.tif,1,0.104039095
821B.tif,1,0.07154828
822A.tif,0,0.11991588
822B.tif,0,0.09322414
823A.tif,1,0.096678
823B.tif,1,0.08225672
824A.tif,1,0.090117574
824B.tif,0,0.06826411
825A.tif,1,0.12171536
825B.tif,0,0.11647878
826A.tif,1,0.103434965
826B.tif,1,0.09913187
827A.tif,0,0.103616394
827B.tif,1,0.09414661
828A.tif,0,0.109630875
828B.tif,0,0.110593796
829A.tif,1,0.14713973
829B.tif,1,0.16775502
82A.tif,1,0.051735304
82B.tif,1,0.037247725
830A.tif,1,-0.062714934
830B.tif,0,-0.05386484
831A.tif,0,-0.005288518
831B.tif,0,0.01005237
832A.tif,1,-0.007726328
832B.tif,1,-0.024506688
833A.tif,1,-0.019565474
833B.tif,1,-0.0074450905
834A.tif,1,0.092861526
834B.tif,0,0.058951106
835A.tif,1,-7.252532e-05
835B.tif,1,0.03585349
836A.tif,0,0.14831112
836B.tif,0,0.15849799
837A.tif,0,0.0593075
837B.tif,0,0.056660973
838A.tif,1,0.048560046
838B.tif,1,0.0455722
839A.tif,0,-0.0008585629
839B.tif,0,0.00077239174
83A.tif,1,0.100287706
83B.tif,1,0.06383918
840A.tif,1,0.053911276
840B.tif,1,0.058442958
841A.tif,0,0.07047598
841B.tif,0,0.07059398
842A.tif,1,0.061804198
842B.tif,1,0.06511422
843A.tif,0,0.06447466
843B.tif,1,0.061542105
844A.tif,1,0.10835679
844B.tif,1,0.11356992
845A.tif,0,0.105069995
845B.tif,0,0.10717894
846A.tif,0,0.13573334
846B.tif,0,0.13108438
847A.tif,0,0.09836977
847B.tif,0,0.10508148
848A.tif,0,0.07924805
848B.tif,1,0.04983652
849A.tif,1,0.13634562
849B.tif,1,0.12627816
84A.tif,1,0.08457032
84B.tif,1,0.11813176
850A.tif,0,0.13716611
850B.tif,0,0.14917567
851A.tif,1,-0.0009614822
851B.tif,1,0.010572966
852A.tif,1,0.050060324
852B.tif,1,0.036499742
853A.tif,1,0.058527924
853B.tif,1,0.07521829
854A.tif,0,0.050136432
854B.tif,0,0.038375795
855A.tif,1,0.11242987
855B.tif,1,0.13850194
856A.tif,1,0.19725606
856B.tif,1,0.21843791
857A.tif,0,0.081136316
857B.tif,1,0.09303817
858A.tif,1,0.13694541
858B.tif,1,0.12755892
859A.tif,1,0.052776262
859B.tif,1,0.044891477
85A.tif,1,0.044393145
85B.tif,1,0.05059862
860A.tif,0,0.091820106
860B.tif,1,0.098721854
861A.tif,1,-0.0046279035
861B.tif,1,-0.014784153
862A.tif,1,0.12988162
862B.tif,0,0.122904226
863A.tif,1,0.059169162
863B.tif,1,0.050025612
864A.tif,1,0.035272334
864B.tif,1,0.044097304
865A.tif,0,0.109146416
865B.tif,1,0.11064741
866A.tif,1,-0.012374091
866B.tif,0,0.0780544
867A.tif,0,0.12828466
867B.tif,0,0.13476828
868A.tif,0,0.12434323
868B.tif,0,0.119223215
869A.tif,1,-0.01588158
869B.tif,1,0.018618362
86A.tif,1,0.018205475
86B.tif,1,0.0113661885
870A.tif,1,0.03174977
870B.tif,1,0.036027737
871A.tif,1,0.038864795
871B.tif,1,0.03053338
872A.tif,0,0.12535186
872B.tif,0,0.123893715
873A.tif,0,0.09499176
873B.tif,0,0.09532351
874A.tif,1,0.04801935
874B.tif,1,0.05374828
875A.tif,0,0.03457606
875B.tif,0,0.026054831
876A.tif,0,0.07930478
876B.tif,0,0.07969852
877A.tif,0,0.08503513
877B.tif,0,0.09201062
878A.tif,0,0.053546023
878B.tif,0,0.05699008
879A.tif,1,0.02257463
879B.tif,1,0.03276439
87A.tif,1,0.049855664
87B.tif,1,0.04712847
880A.tif,0,0.07240589
880B.tif,0,0.08853234
881A.tif,1,0.076937094
881B.tif,1,0.0760376
882A.tif,1,0.14675963
882B.tif,1,0.14901005
883A.tif,1,0.12206817
883B.tif,0,0.11221997
884A.tif,1,0.05819571
884B.tif,1,0.068987206
885A.tif,1,0.045238305
885B.tif,1,0.05271188
886A.tif,1,0.12303109
886B.tif,1,0.09591711
887A.tif,0,0.08431636
887B.tif,0,0.06585263
888A.tif,1,0.12557158
888B.tif,1,0.13702178
889A.tif,1,0.010188562
889B.tif,1,0.022963103
88A.tif,0,0.08986746
88B.tif,0,0.088116825
890A.tif,1,0.030255249
890B.tif,1,0.04691641
891A.tif,1,0.03525869
891B.tif,1,0.02910348
892A.tif,1,0.0361723
892B.tif,0,0.016463453
893A.tif,1,0.0664929
893B.tif,1,0.07579562
894A.tif,1,-0.012039245
894B.tif,1,0.006522383
895A.tif,1,0.09425457
895B.tif,1,0.0881276
896A.tif,0,0.08444226
896B.tif,0,0.08262581
897A.tif,1,0.13460264
897B.tif,1,0.1486589
898A.tif,0,0.095802695
898B.tif,0,0.13044336
899A.tif,0,0.111546904
899B.tif,0,0.10565378
89A.tif,1,0.122066006
89B.tif,1,0.118266985
8A.tif,1,0.069630824
8B.tif,1,0.10179109
900A.tif,1,0.077195115
900B.tif,1,0.054698512
901A.tif,1,0.0547909
901B.tif,1,0.054402903
902A.tif,1,0.027615178
902B.tif,1,0.008899167
903A.tif,1,0.0072591132
903B.tif,1,0.037871953
904A.tif,1,0.043622904
904B.tif,1,0.0235634
905A.tif,1,0.084677786
905B.tif,1,0.06770164
906A.tif,1,0.040849037
906B.tif,1,0.04793438
907A.tif,0,0.10972829
907B.tif,1,0.13264999
908A.tif,0,0.058027677
908B.tif,1,0.05682828
909A.tif,1,0.12947305
909B.tif,1,0.123994485
90A.tif,1,0.10160726
90B.tif,1,0.0698125
910A.tif,1,0.09575459
910B.tif,1,0.04505639
911A.tif,1,0.06829043
911B.tif,1,0.2722228
912A.tif,0,0.11924021
912B.tif,0,0.11378916
913A.tif,1,0.015716668
913B.tif,1,0.010995179
914A.tif,1,0.010857796
914B.tif,1,0.020165296
915A.tif,1,0.075035185
915B.tif,0,0.14457674
916A.tif,1,0.17257011
916B.tif,1,0.1586335
917A.tif,0,0.119992256
917B.tif,0,0.119870186
918A.tif,1,0.09835589
918B.tif,1,0.088858575
919A.tif,1,0.012681909
919B.tif,1,0.012886555
91A.tif,1,0.117735624
91B.tif,1,0.13423595
920A.tif,0,0.105371825
920B.tif,0,0.109034896
921A.tif,1,-0.018210737
921B.tif,1,-0.016322238
922A.tif,0,0.09898035
922B.tif,0,0.097620346
923A.tif,1,0.025657265
923B.tif,1,0.09001991
924A.tif,1,0.026132863
924B.tif,1,0.0057243835
925A.tif,0,0.055185594
925B.tif,1,0.042854108
926A.tif,1,-0.016554894
926B.tif,1,-0.018184654
927A.tif,0,0.19644514
927B.tif,0,0.19051945
928A.tif,1,0.0419819
928B.tif,1,0.05126283
929A.tif,0,0.10227195
929B.tif,0,0.105296664
92A.tif,1,0.069340505
92B.tif,1,0.06184323
930A.tif,1,0.124821916
930B.tif,1,0.095160276
931A.tif,1,0.09178276
931B.tif,1,0.10579452
932A.tif,0,0.041857675
932B.tif,0,0.028923245
933A.tif,1,0.13828222
933B.tif,1,0.15796906
934A.tif,1,0.07923751
934B.tif,0,0.07074548
935A.tif,1,-0.0060623493
935B.tif,1,0.01641415
936A.tif,0,0.15520093
936B.tif,0,0.15795541
937A.tif,1,0.10878953
937B.tif,1,0.06867485
938A.tif,0,0.12424412
938B.tif,0,0.11739863
939A.tif,0,0.12915185
939B.tif,0,0.10146389
93A.tif,1,0.0053059887
93B.tif,1,0.006339762
940A.tif,0,0.084763005
940B.tif,0,0.10253309
941A.tif,0,0.11102271
941B.tif,0,0.110986814
942A.tif,1,0.025826244
942B.tif,1,0.031421855
943A.tif,0,0.041505344
943B.tif,1,0.055812463
944A.tif,0,0.099765204
944B.tif,0,0.08460287
945A.tif,1,0.08595114
945B.tif,1,0.09461957
946A.tif,1,0.11962795
946B.tif,1,0.14086364
947A.tif,1,0.028857661
947B.tif,1,0.056389064
948A.tif,1,-0.01392727
948B.tif,1,0.017212631
949A.tif,1,0.1562627
949B.tif,0,0.14756052
94A.tif,1,0.08733988
94B.tif,1,0.08874608
950A.tif,1,0.07207893
950B.tif,1,0.060510974
951A.tif,0,0.10924576
951B.tif,0,0.11379084
952A.tif,0,0.14843608
952B.tif,0,0.14847726
953A.tif,1,0.11164144
953B.tif,1,0.12121176
954A.tif,0,0.09775703
954B.tif,0,0.11447419
955A.tif,0,0.04109054
955B.tif,0,0.052676927
956A.tif,1,0.08467946
956B.tif,0,0.113518216
957A.tif,1,0.04099624
957B.tif,1,0.05691684
958A.tif,0,0.11131425
958B.tif,0,0.10293351
959A.tif,1,0.052055568
959B.tif,1,0.0825789
95A.tif,1,0.024423394
95B.tif,1,0.027270265
960A.tif,1,0.11758028
960B.tif,1,0.10875077
961A.tif,1,0.10525262
961B.tif,1,0.120550424
962A.tif,1,0.13798755
962B.tif,1,0.14058504
963A.tif,0,0.08851032
963B.tif,1,0.082312495
964A.tif,1,0.09085359
964B.tif,1,0.08333142
965A.tif,1,-0.0009904432
965B.tif,1,-0.00024627926
966A.tif,0,0.07816976
966B.tif,1,0.07573794
967A.tif,1,0.10372315
967B.tif,1,0.11389209
968A.tif,1,0.07448946
968B.tif,1,0.08907327
969A.tif,1,0.06752116
969B.tif,1,0.031025724
96A.tif,1,0.032057825
96B.tif,1,0.02668673
970A.tif,1,0.020332128
970B.tif,1,0.014951933
971A.tif,1,0.16553165
971B.tif,0,0.18346882
972A.tif,0,0.06298924
972B.tif,1,0.052501485
973A.tif,1,0.096595675
973B.tif,1,0.085790545
974A.tif,1,0.06263763
974B.tif,1,0.07584923
975A.tif,1,0.042841893
975B.tif,1,0.038641237
976A.tif,1,-0.011348229
976B.tif,1,-0.018160706
977A.tif,0,0.13113081
977B.tif,1,0.12301888
978A.tif,0,0.14372726
978B.tif,0,0.13949142
979A.tif,0,0.05305846
979B.tif,1,0.044612393
97A.tif,1,-0.020277554
97B.tif,1,-0.0056856014
980A.tif,1,-0.013774078
980B.tif,1,-0.012735283
981A.tif,0,0.108305104
981B.tif,1,0.05171019
982A.tif,1,0.28274286
982B.tif,1,0.29294673
983A.tif,0,0.035554532
983B.tif,1,0.028192494
984A.tif,0,0.10571792
984B.tif,0,0.08243576
985A.tif,0,0.14916778
985B.tif,1,0.1364818
986A.tif,1,-0.0061695767
986B.tif,1,0.044530056
987A.tif,1,0.007276586
987B.tif,1,0.016036207
988A.tif,1,0.09895115
988B.tif,1,0.072463095
989A.tif,1,0.019892909
989B.tif,1,0.022688558
98A.tif,1,0.07625684
98B.tif,1,0.06080155
990A.tif,1,-0.035083726
990B.tif,1,-0.027319338
991A.tif,0,0.049741022
991B.tif,0,0.045101397
992A.tif,1,0.11699076
992B.tif,0,0.11423533
993A.tif,1,0.0638131
993B.tif,1,0.03804501
994A.tif,1,0.02486692
994B.tif,1,0.011462163
995A.tif,1,0.054117113
995B.tif,1,0.029550107
996A.tif,0,0.10346608
996B.tif,1,0.09523447
997A.tif,0,0.07879615
997B.tif,0,0.080581486
998A.tif,1,0.09593363
998B.tif,1,0.08204992
999A.tif,1,0.09035956
999B.tif,1,0.088719994
99A.tif,1,0.07533917
99B.tif,1,0.06480259
9A.tif,1,-0.010556446
9B.tif,1,-0.002677407
